name,a,b,c
Nuclear_base,0.002277,5579.8,0.0
Coal_lowcost,0.026937,24063.39,1883.03
Coal_highcost,0.029615,26421.95,2123.66
LNG_CC_low,0.004174,50089.74,4767.75
LNG_CC_mid,0.005076,59787.76,5216.71
CHP_mustrun,0.0035,80000.0,40000.0
LNG_GT_peak,0.005346,36872.42,637.66
Oil_peak,0.008,210000.0,5000.0
Hydro_fixed,0.0,60000.0,0.0
